creatine	creatine	unspecified	3	effecten	1
creatine	creatine	unspecified	3	krampen	1
creatine	creatine	unspecified	3	betere opname	1
creatine	creatinefosfaat	unspecified	3	effecten	1
creatine	creatinefosfaat	unspecified	3	krampen	1
creatine	creatinefosfaat	unspecified	3	betere opname	1
merken	muscletech	unspecified	3	effecten	1
merken	muscletech	unspecified	3	krampen	1
merken	muscletech	unspecified	3	betere opname	1
merken	muscletech essential series	unspecified	3	effecten	1
merken	muscletech essential series	unspecified	3	krampen	1
merken	muscletech essential series	unspecified	3	betere opname	1
producten	rpm	unspecified	3	effecten	1
producten	rpm	unspecified	3	krampen	1
producten	rpm	unspecified	3	betere opname	1
producten	creapure creatine monohydraat	unspecified	3	effecten	1
producten	creapure creatine monohydraat	unspecified	3	krampen	1
producten	creapure creatine monohydraat	unspecified	3	betere opname	1
rpm	rpm	unspecified	3	effecten	1
rpm	rpm	unspecified	3	krampen	1
rpm	rpm	unspecified	3	betere opname	1
verbodenstoffen	vasculaire endotheel groeifactor	unspecified	3	effecten	1
verbodenstoffen	vasculaire endotheel groeifactor	unspecified	3	krampen	1
verbodenstoffen	vasculaire endotheel groeifactor	unspecified	3	betere opname	1
